motif_number, motif_seqs
MEME-1,ATCCGCCTGCCTCGGCCTCCCAAAGTGCTGGGATTACAGGCGTGAGCCAC
MEME-1,ATCCGCCCGCCTCGGCCTCCCAAAGTGCTGGGATTACAGGCGTGAGCCAC
MEME-1,ATTCTCCTGCCTCAGCCTCCCGAGTAGCTGGGATTACAGGCACGCACCAC
MEME-1,ATTCTCCTGCCTCAGCCTCCCAAGTAGCTGGGACTACAGGCGCCTGCCAC
MEME-1,ATTCTCCTGCCTCAGCCTCCCGAGTAGCTGGGACTACAGGCGCCCGCCAC
MEME-1,ATCTGCCTGCCTCGGCCTCCCAAAGTGCTGGGATTACAGGCGTGAACCAC
MEME-1,ATCCTCCCACCTTGGCCTCCCAAAGTGCTGGGATTACAGGCGTGAGCCAC
MEME-1,ATTCTCCTGCCTCAGGCTCCCAAGTAGCTGGGATTACAGGCGTGTGCCAC
MEME-1,ATTCTCCTGCCTCAGCCTCCCGAGTAGCTGAGATTACAGGTGCGCGCCAC
MEME-1,ATTCTCCTGCCTCAGCCTCCCAAAGTGCTGGGATTACAAGTGTGAGCCAC
MEME-1,ATCCGCCCACCTTGGCCTCCCAAAGTGCTGGGATTACAGGCGTGAGCCAC
MEME-1,ATTCTCCTGCCTCAGCCTCCGGAGTAGCTGGGATTACAGGCGCCCGCCAC
MEME-1,ATTCTCCTGCCTCAGCCTCCTGAGTAGCTGGGATTACAGGCACGCACCAC
MEME-1,ATCCTCCTGCCTTGGCCTCCCAAATTGCTGGGATTACAGGTGTGAGCCGC
MEME-1,ATTTTCCTGCCTCAGCCTCCCAAGTAGCTGGGATTACAGGTGCCCACCAC
MEME-1,ATTCTCCTGCCTCAGCCTCCCGAGTAGCTGCGATTACAGGCGTGCACCAC
MEME-1,ATTCTCCTGCCTCAGCCTCCTGAGTAGCTGGGACTACAGGCGCCCGCCAC
MEME-1,ATTCTCCTGCCTCAGCCTTCCAAAGTGCTGGGAATACAGGCGTGAGCCAC
MEME-1,ATTCTCCTGCCTCAGCCTCCCAAGTAGCTGGGATTACAGGTGCCCATCAC
MEME-1,ATCCGCCCGCCTCAGCCTCCCAAAGTGCCGGGATTACAGGTGTCAGCCAC
MEME-1,GTCTGCCTGCCTTGGCCTCCCAAAGTGCTGGGATTACAGGCGTGAGCCAC
MEME-1,ATTCTCCTGCCTCAGCCTCCTGAGTAACTGGGATTACAGGCGTGTACCAC
MEME-1,ATTCTCCTGCCTCAGCCTCCCAAGTAACTGGGATTACAGGCATGTGTCAC
MEME-1,ATCCACTCGCCTCAGCCTCCCAAAGTGCTGGGATTACAGGCGTGAGCCAT
MEME-1,ATCTGCCCGCCTTGGCCTCCCAAAGTGCTGGGATTACAGGCGTGATCCAC
MEME-1,ATCCATCTGCCTTAGCCTCCCAAAGTGCTGGGATTACAGGTGTGAGCTAC
MEME-1,ATCCGCCCGCCTCATCCTCCCAAAGTGCTGGGATTACAGGTGTGAGCTAC
MEME-1,ATCCACCCGCCTTGGCCTCCCAAAGTGCTGGGATTATAGGAGTGAGCCAC
MEME-1,ATTCTTCTGCCTCAGCCTCCCGAGTAGCTGGGATCATAGGCATGTGCCAC
MEME-1,ATCTGCCCGCCTTGGCCTCCCAAAGTGCTGGGATTACAGGCATGAGCCGC
MEME-1,GTCCTCCTGCCTCAGCCTCCCAAAGTGCCAGGATTACAGGTGTGAGCCAC
MEME-1,ATCTGCCCGCCTTGGCCTCCCAAAGTGCTGGGATTATAGGCATGAACCAC
MEME-1,ATCCACCCGCCTCAGCCTCCCAAAGTGCTGGGATTATGGGCTTGAGCCAC
MEME-1,ATCCACCTGCTTCGGCCTCCCAGAGTGCTGGGATTATAGGCGTGAGCCAC
MEME-1,ATCCACTCACCTCAGCCTCCCAAAGTGCTGGGATTACAGGCAGGAGCCAC
MEME-1,ATCCACCTGCCTTGGCCTTCCAGAGTGCTGGGATTACAGGTGTGAGCCAC
MEME-1,ATCCACCCACCTTGGCCTCCCAAAGTGCTGGGATTACAGGCTTAAGCCAC
MEME-1,ATTCTTGTGCCTCAGCCTCCCGAGTAGCTGGGACTACAGGCATGCACCAC
MEME-1,ATTCTCCTGCCTCAGCCTCCCGAGTAGCTGGGATTACAGGCACCCACTGC
MEME-1,ACCCACCTGCCTTGGCCTCCCAAAGTGCTAGGATTACAGGCGTGAGCCAC
MEME-1,ATTCTTCTGCCTCAGCCTCACGAGTAGCTGGGACTACAGGCGCCCACCAC
MEME-1,ATTCTCCTGCCTCAGCCTCTCAAGTAGCTGGGATTACAGGTGCAGGCCAC
MEME-1,ATCAGCCCACCTCGGCCTCACAAAGTGCTGGGATTACAGGCGTGAGCCAC
MEME-1,ATCTGCCCACCTCAACCTCCCAAAGTGCTGGGATTACAGGCGTGAGACAC
MEME-1,ATCCACTCGCCTCAGCCTCCCAAAGTGCTGAGATTACAGGCTTGAGCAAC
MEME-1,ATCAGCCTGCCTCGGCCTCCCAAAGTGTTGGGATTACAGGCATGAGCCGC
MEME-1,GATTTCCTGCCTCAGCCTCCTGAGTAGCTGGGATTACAGGCATCTGCCAC
MEME-1,ATTCTCCTGCCTCAGCCTCCCGAGCAGCTGGGACTACAGGCTCCCATCAC
MEME-1,ATTCTCTTGCTTCAGCCTCCTGAGTAGCTGGGATTACAGGCGGCCACCAC
MEME-1,GTTCTCGTGCCTCAGCCTCCGAAGTAGCTGGGATTACAGGCTTATGCCAC
MEME-1,ATTCTTCTGTCTCAGCCTTCCGAATAGCTGGGATTACAGGTGCCTGTCAC
MEME-1,ATTCTCCTGCCTCAGCCTTCTGAGTAGCTAAGATTACAGGTGTGCGCCAA
MEME-1,ATTCTTCTGCTTCAGTCTCCCGAGTAGCTGGGACTACAGGTGCCCACCAC
MEME-1,ATCCTCCCATCTCACCCTCCCAAGTAGCTGGGACTATAGGCACCCGCCAC
MEME-1,ATCTTCCTGCCTTGGCCTCCCCAAATGCTGAGATTATAGGAGTGAGCCAC
MEME-1,GATCACCCGCCTCATCCTCCCAAAGTGCTGGGATTACAGCCGTGAGCCTC
MEME-1,GTCCTCCCACCTCAGCCTCCTGAGTAGCTGGGACCATAGGCACATACCAC
MEME-1,ATTCTCATGTCTCAGCCTCCCTAATAGCTAGGATTACCGGTGCCCGCCAC
MEME-1,ATCTGTCCGACTCAGCCTACCACAGTGTTGGGATTACAGGCGTGAGCCAC
MEME-1,ATTCTCCTGCCTCAGCCTTCTTTGTAGCTGGGATTATAGGCACCTGCCAT
MEME-1,ATCCACTCGCCTCAGCCTCTCGAAGTGCTGAGATTACACACGTGAGCAAC
MEME-1,ATCCTCCCACCTCAACCTCCAGAGTAGTTGAGACCACAGGCGTGCACTAC
MEME-1,ATTCTCCTGCCTCAGTCTCTGGAGTAGCTGGGATTACAGGACTCCTTCAA
MEME-1,ATCCTTCCACCTCAGTCTCCCAGCTAATTGAGACCACAGGCTTGTTACCA
MEME-2,GTGGCTCACGCCTGTAATCCCAGCACTTTGGGAGGCCGAGGCGGGTGGAT
MEME-2,GTGGCTCATGCCTGTAATTCCAGCTACTTGGGAGGCTGAGGCAGGAGAAT
MEME-2,GTGGCTCACGCCTGAAATCCCAGCACTTTGGGAGGCCGAGGCGGGCGGAT
MEME-2,GTGGCTCACGCCTGTAATCCCAGCACTTTGGGAGGCCGAGGTGGGCGGAC
MEME-2,GTGGCGGGCGCCTGTAGTCCCAGCTACTTGGGAGGCTGAGGCAGGAGAAT
MEME-2,GTGGCTCACGCCTGTAACCCCAGCACTTTGGGAGGCTGAGGCGGGCGGAT
MEME-2,GTGGCTTACGCCTGTAATCCCAGCAGTTTGGGAGGCCGAGGCAGGTGGAT
MEME-2,GTGGTGGGTGCCTGTAATCCCAGCTACTTGGGAGGCTGAGGCAGGAGAAT
MEME-2,GTGGCTCACGCCTGCAATCCCAGCACTTTGGGAGACCGAGGCGGGTGGAT
MEME-2,GTGGCTCACGCCTATAATCCCAGCACTTTGGGAGGCTGAGACAGGCAGAT
MEME-2,GTGGCATGCGCCTGTAGTCCCAGCTACTTGGGAGGCTGAAGCAGGAGAAT
MEME-2,GTGGCTCACACCTGTAATCCCAGCACTTTGGGAGACCGAGGTGGGCAGAT
MEME-2,GTGGCTCACACCTATAATCCCAGCACTTTGGGAGGCCAAGGTGGGTGAAT
MEME-2,GTGGCGCGCACCTGTAATCCCAGCTACTCAGGAGGCTGAGGCAGAAGAAT
MEME-2,GTGGCTCATGCCTGTAATTCCAGCACTTTGGGAGGCCGAGTCGGGGGGAT
MEME-2,GTGGCTCACCCCTATAATCCCAGCACTTTGGGAGACCGAGGCGGGTGGAT
MEME-2,GTGGCTTACGCCTGTAATCCCAGCTCTTTGGGAGGCAGAGGCTGGCAGAT
MEME-2,GTGGTGCATGCCTGTGATCCCAGCTACTCGGGAGACTGAGGCAGGAGAAT
MEME-2,GTGGCTCATGCCTGTAATCCCAGAACTTTGGGAGGCCATGGCAGGAGGAT
MEME-2,GTGGCTCACACCTGTAATCCCAGCACCTTGAGAGGCTGAGGTGAGTGAAT
MEME-2,GTGACTCACGCCTGAAATCCCAGCACTTTGGGTGGCTGAGGCAGGTGGAT
MEME-2,GTGGCAGGCACCTATAGTCCCAGCTATTCAGGAGGCTGAGGCAGGAGAAT
MEME-2,GTGGTATGTGCCTGTAATCCCAGCTACTCAGGAGACTGAGGCAGGAGAAT
MEME-2,GTGTCGCGTGCCTGTAATCCCAGCTACTCTGGAGGCTGAGACAGGAGAAT
MEME-2,GTGGCTCACGCCTGTAATCCTGACACTTTGGGAGGCCGAAGCAGGAGGAT
MEME-2,GTGGCTCACACCTGTAATCTCAACACTTTGGGAGGCCGAGACGGGCTGAT
MEME-2,GTGGCACATGCCTGTAATCCCAGCTACTTTGGAGGCTCAGGCACAAGAAT
MEME-2,GCAGCGGGCGCCTGTAGTCTCAGCTACTCGGGAGGCTGAGGCAGGAGAAT
MEME-2,TGGGCACATGCCTGTAGTCTCAGCTACTTGGGAGGCTGAGGCACGAGAAT
MEME-2,GTAGCAGGCGCCTGTAGTCCCAGCTGCTTGGGAGGCTGCGGCAGGAGAAT
MEME-2,GTGGCATGTGCCTGCTGTCCCAGCTATTCGGGAGGCTGAGGTGGGAGGAT
MEME-2,GTGGTGCATACCTGTAATCTCAGCTACTGGGGAAGCTGAGACAGGAGAAT
MEME-2,GTGGCTCACGCCTGTAATCCCAGCACTTTGGGAGGCCAAAGTGGATGAGC
MEME-2,GTGGCTCATGGCTGTCATCCCAACACTTCAGGAGGCCGAGGTGGGAGGAT
MEME-2,GTGGCTTACACCTGTAATTCCAGTGCTTTGGGAGGCTGAGGTTGGAGGAT
MEME-2,GTGGTGTGCACCCGTAGTGCCAGCTACTCAGGAGGCTGAGGTAGGAGGAT
MEME-2,GTTATGCATACCTGTAGTCCCAGCTACGTGAGAGGCTGAGGTGGGAGGAA
MEME-2,CAGTATCATACCTGTAATCCCAGCACTTTGGAAGGCTGAGGCGGGAGGAC
MEME-2,GTGGCACCTGCCTGTGGTCCCAGCTACTCAGGAGGCTGTGAGGCAGGAGA
MEME-2,TCTGTAATAGTCTGTAATCTCAGCACTTTGGGAGGCCAAGGCGGGCAGAT
MEME-2,GGCAGGCGCCTGTATAATCCCAGCTACTCAGGAGGCTGAGGCAGGGAGAA
MEME-2,GTGGCGGGCGCCTGTAGTCCCAGCTACTGAGGCAGGAGAGTGGCATGAAC
MEME-2,GTGGCTCATGCCTGTAATCCCAGCTCTCAGGGAGGCAAGAGGCAGGAGCA
MEME-2,AAAATCCAATATTGTAATCCTAGCACTTTGGGAGGCCAAGGCGGGTGGAT
MEME-3,AGGCTGGAGTGCAGTGGCGCGATCTTGGCTCACTGCAACCT
MEME-3,AGGCTGGAGTGCAGTGGGGCGATCTCGGCTCACTGCACCCT
MEME-3,AGGCTGGAGTGCAGTGGCATGATCTCGGCTCACTGCAACCC
MEME-3,AGGCTGGAGTGCAGTGGCGCGATCTTGGCTCACTGCAAGCT
MEME-3,AGGCTGGAGTGCAGTGGTGCAATCTCGGCTCACTGCAACCT
MEME-3,AGGCTGGAGTGCAATGGCATGATCTCGGCTCACTGCAACCT
MEME-3,AGGCGGGAGTGCAGTGGCACAATCTCGGCTCACTGCAAGCT
MEME-3,AGGCTGGAGTGCAGTGGTGCGATCTTGGCTCACTGCAAGCT
MEME-3,AGGCTGGAGTGCAGTGGTGCGATCTTGGCTCACTGCAAGCT
MEME-3,GGGCTGGAGTGCAATGGCATGATCTCAGCTCACTGCAATCT
MEME-3,AGGCTGGAGTGCAGTGGCGCCATCTCAGCTCACTGCAATCT
MEME-3,AGGCTAGAGTGCAGTGGCGCGATCTCAGCTCACCGCAACCT
MEME-3,AGGCTGGAGTGCAGTGGCGGGATCTCGGCTCACTGCAAGCT
MEME-3,AGGCTGGAGTGCAGTGGCGCGATCTTGGCTCACTGCAAGTT
MEME-3,AGGCTGGAGTGCAGTGGTGCCATCTTGGCTCACTGCAACCT
MEME-3,AGGCTGGAGTGCAATGGCGCGATCTCAGCTCACTGCCACCT
MEME-3,AGGCTGGTGTGCAATGGCGCGATCTCAGCTCACTGCAACCT
MEME-3,AGGCTGGAGTGCAGTGGCACAATCATGGCTCACTGCAGCCT
MEME-3,AAGCTGGAGTGCAATGGCACGATCTCGGCTCACTGCAAGCT
MEME-3,AGGCTGGAGTGCAATGGCATGATCCCAGCTCACTGCAACCT
MEME-3,AGGCTGGAGTGCAGTGGCACAAACACAGCTCACTGCAACCT
MEME-3,AGGCTGGACTGCAATGACGCGATCTTGGTTCACTGCAACCT
MEME-3,AGGTTGGAGTGCAGTGGCGCAGTCTCGGCTCACTGCAGCCT
MEME-3,ATGCTGGAGTGCAGTGGCGTGATCTAGGCTCATTGCAACCT
MEME-3,AGGCTGAAGTGCAGTGGCATGATCTCAGTTCACTGCAGCCT
MEME-3,AGGCTGGAGTGCATTGGCATGATCTCAGCTTACTGCAACCT
MEME-3,GGCGGAGATTGCAGTGAGCCGAGATCGCGCCACTGCACTCC
MEME-3,GGCGGAGGTTGCAGTGAGCCGAGATCGCGCCACTGCACTCC
MEME-3,TGGAGTGAGTGCAATGGTGCGATCTTGGCTCACTGCAACCT
MEME-3,TGTATGGAGTGCAATGGCGCAATCTTGGCTCACCGCAACCT
MEME-3,AGGCTGGAGTGCAGTGGTACGATCACGGCTCACTGCTGCGT
MEME-3,AGTCCGGAATGCAGTGGCATGATCTCAGCTCACTGCAATGT
MEME-3,GGCAGAGGTTGCAGTGAGCCAAGATCGTGCCACTGCACTCC
MEME-3,AGGCTGGAGCGTAATGGCACAATCTTCGCTCACTTCAACCT
MEME-3,GGCAGAGGTTGCAGTGAGCTGAGATCACACCATTGCACTCC
MEME-3,GGTGGAGGTTGCAGTGAGCCAAGATTGTGCCATTGCACTCC
MEME-3,AGAGGAGGTTGCAGTGAGCCGAGATCGCACCACTGCATTCC
MEME-3,GGTGGAGATAGCAGTGAGCCAAGATCGTGCCACTGCACTCC
MEME-3,GGCAGAGGTTGCAGTGAGCCGAGATCACACCACTGTACTCC
MEME-3,GGCAGAGGTTGCGGTGAGCTGAGATCGCGCCATTGCACTCC
MEME-3,GGCGGAGGTTGCAGTGGGCCAGGATCGTGCCACTGCACTTT
MEME-3,AGGCTGGAGTGCAGTATACCAGTCTTGGCCCACTTCAACCT
MEME-3,CTCGGAGGTTGCAGTGAGCCAAGATTGCGTCACTGCACTCC
MEME-3,GGTGGAGGCTGCAGTGAGCCGAGATCGTGCCATTGCACTTC
MEME-3,AGGCTGGAGTGCAGTGGCGTGATCTGCAACCTCTGCCCCCC
MEME-3,GGTGTGGAGTGCGGTGGCATGATCATGCCTCACTATAGCCT
MEME-3,GGTGGAGGTTAGAGTGAGCTGAGATCACACCACTGCACTCC
MEME-3,GGCGGAGCTTGCAGTAAGCAGAGATCGCGCCACTGCACTCC
MEME-3,GGCAGAAGTTGCAATGAGCTGAGATGATGCCACTGCACTCC
MEME-3,GGCGGAGGTTGCAGTGGGTTGAGATCGAGCAATTGCAATCC
MEME-3,GGTTGAGGCTGCAGTGAGCCGCGATCACACCACTGCATGCC
MEME-3,AGGCTGGAGCACAGTGGTGTAACTATAGCTCACTGCAGTGT
MEME-3,GGTGGAGAGTGTGGTGAGCTGAGATGTCACCATTGCACTCC
MEME-4,AGTTCGAGACCAGCCTGGCCAACATGGTGAAACCCTGTCTCTACTAAAAA
MEME-4,AGTTTGAGACCAGCCTGGCCAACATGGCGAAACCCCGTCTCTACTAAAAA
MEME-4,AGTTTGAGACCAGCCTGACCAACATAGTGAAACCCTGTCTCTACTAAAAA
MEME-4,AGTTCGAGACCAGCCTGGCCACCATGGTGAAACCCCGTCTCTACTAAAAA
MEME-4,AGTTTGAGACCAGCCTGACCAACATGGAGAAACCCCATCTCTACTAAAAA
MEME-4,AGATTGAGACCAGCCTGACCAACATGGAGAAACTCCATCTCTACTAAAAA
MEME-4,AGATTGAGACCATCCTGGCTAACACGGTGAAACCCAGTCTCTACTAAAAA
MEME-4,GGATCGAGACCATCCTGGCTAACACGGTGAAACCCCGTCTCTACTAAAAA
MEME-4,AGATCGAGACCATCCTGGCTAACACGGTGAAACCCTGACTCTACTAAAAA
MEME-4,AGTTCGAGACCAGCCTGGGCAACATAGGGAGACCCAATCCCTACAAAAAA
MEME-4,AGATCGAGACCATCCCGGCCAATATGGTGAAATCCCGTCTCTACTAAAAA
MEME-4,AGTTTGAGACCAGCCTGACCAATGTGGAGAAACCCCATCTCTACTAAGAA
MEME-4,AGATCGAGACCATCCTGGTTAACGTGGTGAAACCCCGTCTCTACTAAACA
MEME-4,AGTACGAGACCACCCTGGGCAACATGGTGAAATCCTGCCTCTAAAAAAAA
MEME-4,AGTTCAAGACCAGCCTAGGCAACATAGCAAGACCCTGTCTCTACAACAAA
MEME-4,AGTTTGAGACCAGCCTGAGCAACATAGCAAGATCCTGCCTCTAAAAACAA
MEME-4,AATTCGAGACTAGCCTGGGCAGCATGGTGAAACCCCAGCTCTACAAAAAA
MEME-4,AGCTTGAGAACAGCCTGACCAACATGGAGAAACCCTGTCTCTAAAAATAC
MEME-4,AGATAGAGACCATCTTTGCCAACATGGTGAAACTCCATCTCTACTGAAAA
MEME-4,AGATTGAGACCAGTGTGGCCAACATAGCAAAAACCCGTCTCGACGAAAAA
MEME-4,AGTTCAAAATCAGCCTGGTCGACGTAGTGAGACCCCATCTCTACAAAAGA
MEME-4,AGTTGTAGACCAGCCTGGGCAAGATAGCGAGATCCTGCCTCTGAAAAAAT
MEME-4,CGCTAAATTCTAGCCTGGGCAACAGAGCGAGACCCTGTCTCAAAAAAAAA
MEME-4,CGTTCAAGACCTGCCTGGGCAATATAGCGAGACCCCGTTCTCCCCAAAAA
MEME-4,CAGTGTGCTCCAGCCTGGGTGACAGAGCAAGACCCTGTCTCAAAAAATAA
MEME-4,AGTTGGAGAGCAGCCTGGGCAACATGGGAAGAGCCTGTCTCTTGCGGGGG
MEME-4,CCCGGCACTCCAGCCTGGCGACAAGAGTGAGACTCCACCTCAAAAAAAAA
MEME-5,TTTTTTTTTTTTTTTTTAATT
MEME-5,TTTTTTTTTTTTTTTTTAATT
MEME-5,TTTTTTTTTTTTTTTTTTTTA
MEME-5,TTTTTTTTTTTTTTTTTTTTA
MEME-5,TTTTTTTTTTTTTTTTTAGTA
MEME-5,TTTTTTTTTTTTTTTTTTTTA
MEME-5,TTTTTTTTTTTTTTTTTTTTT
MEME-5,TTTTTTTTTTTTTTTTTTTTT
MEME-5,TTTTTTTTTTTTTTTTTTTTT
MEME-5,TTTTTTTTTTTTTTTTTTTTT
MEME-5,TTTTTTTTTTTTTTTTTTTTT
MEME-5,TTTTTTTTTTTTTTTTTTTTT
MEME-5,TTTTTTTTTTTTTTTTTTTTT
MEME-5,TTTTTTTTTTTTTTTTTTTTT
MEME-5,TTTTTTTTTTTTTTTTTTTTT
MEME-5,TTTTTTTTTTTTTTTTTTTTT
MEME-5,TTTTTTTTTTTGTTTTTTTTT
MEME-5,TTTTTTTTTTTTTTTTTTTTT
MEME-5,TTTTTTTTTTTGTTTTTTTTT
MEME-5,TTTTTTTTTTTTTTTTTTTTT
MEME-5,TTTTTTTTTTTTTTTTTTTTT
MEME-5,TTTTTTTTTTTTTTTTTTTTT
MEME-5,TTTTTTTTTTTTTTTTTTTTT
MEME-5,TTTTTTTTTTTTTTTTTTTTT
MEME-5,TTTTTTTTTTTTTTTTTTTTT
MEME-5,TTTTTTTTTTTTTTTTTTTTT
MEME-5,TTTTTTTTTTTTTTTTTTTTT
MEME-5,TTTTTTTTTTTGTTTTTTTTT
MEME-5,TTTTTTTTTTTTTTTTTTTAA
MEME-5,TTTTTTTTTTTTTTTTTTTAA
MEME-5,TATTTTTTTGTATTTTTAGTA
MEME-5,TATTTTTTTTTTTTTTTTTTT
MEME-5,TATTTTTTTTTTTTTTTTTTT
MEME-5,TTAATTTTTGTATTTTTAGTA
MEME-5,TAATTTTTTGTATTTTTAGTA
MEME-5,TTTTTTTTTTTTTTTTTTGTA
MEME-5,TAATTTTTTTTTTTTTTTTTT
MEME-5,TTTTTTTTTTTTTTTTTTGTA
MEME-5,TTTTTTTTTTTATATGTATTA
MEME-5,TAATTTTTTGTATTTTTAGTA
MEME-5,TTTTTTTTTGTACTTTTAGTA
MEME-5,TTTTTATTTTTTTAATTAAAA
MEME-5,TTTTTATTTAAAAATTTAAAT
MEME-5,TTATTTTATTTTATTTTATTT
MEME-5,AATTTTTTTGTATTTTTAGTA
MEME-5,AATTTTTTTGTATTTTTAGTA
MEME-5,AATTTTTTTTTGTATTTAATT
MEME-5,ATAATTTTTGTATTTTTAGTA
MEME-5,CTAATTTTTTTGTTTTTAGTA
MEME-5,TATTTTTTATTGTATTTTATT
MEME-5,CTAATTTTTGTATTTTTAGTA
MEME-5,CTAATTTTTGTATTTTTAGTA
MEME-5,CTAATTTTTGTATTTTTAGTA
MEME-5,CTAATTTTTGTATTTTTAGTA
MEME-5,CTAATTTTTGTATTTTTAGTA
MEME-5,CTAATTTTTGTATTTTTAGTA
MEME-5,CTAATTTTTGTATTTTTAGTA
MEME-5,TACTTTTTTTTTTTTTTTTTA
MEME-5,TACTTTTTTTTTTTTTTTTTT
MEME-5,TATTTTATTTTGATTTTTTTT
MEME-5,TTTTTTTTTTTGTTTTTGTTT
MEME-5,TTAATTTAATTTTTTTTTTTT
MEME-5,TATATATATATATATATATAT
MEME-5,TTTATTTATAAAATATTATAA
MEME-5,TATATATTTATATTTATACAT
MEME-5,CTAATTTTTGTATTATTAGTA
MEME-5,TTGTATTTTTTATTTTTAGTA
MEME-5,TTATTTTTCTTATTAATATAA
MEME-5,CTAATTTTTTAAATTTTTAAT
MEME-5,TTTTTTTTTTTAAAGTTTTAA
MEME-5,TTTTTTTTTTTTTAAGTTAAT
MEME-5,TAATTTTTTGTATTTTTGGTA
MEME-5,TAAGTTTTTGTAATTTTAGTA
MEME-5,CTTTTTATTATACATTTATTT
MEME-5,TAATTTTTTAAATAATGATTT
MEME-5,TTAATTTAACTATTTATATTA
MEME-5,ATTTTATTTTTCTTATTAATA
MEME-5,TTTTTAATTGATTTTTTTAAA
MEME-5,TTAGTTTTTTTGTTTGTTTTT
MEME-5,TTATATATTATATATATATAT
MEME-5,TAAATATTTTTGTTTAAATAT
MEME-5,TTATTATTTTTTAATTATTAA
MEME-5,ATATTTTTAAAAATTTTTGTT
MEME-5,AATTTATTAATGTATTTTTAA
MEME-5,TTTATAGTAAAATTTTTTATA
MEME-5,TTTTTATTTATGAAAATAAAA
MEME-5,TATATATATATGTATGTATAA
MEME-5,TTTTGATTTTTGTTTTTTTAT
MEME-5,TAATTTTTTCTTTATTTTCTT
MEME-5,TTTTTTTTTGTTTTGTTTAAA
MEME-5,CTAATTTTTGTATTTTGAGTA
MEME-5,TTTATTTTTAAATTTTCTTTT
MEME-5,TTATTATATTAGCTATTAAAA
MEME-5,TTTTTTTGTTTGTTTTATTTT
MEME-5,CATTTTTCTATATATTTATTT
MEME-5,TTTTTTTTGTTTTTTTGAGAT
MEME-5,TTTTTTGTTTTGTTTTGTTTT
MEME-5,AATTTTTATATAATAATATTT
MEME-5,CAAGTTTTTGTATATTTAAAA
MEME-5,TATATATTAAAAAATGTATAT
MEME-5,TTATTTTTATTATTGGTTATT
MEME-5,CTTTTTTTAAAATTATTACTA
MEME-5,TTTATTTAAAAGCATTTATTA
MEME-5,TTTTTTGTTGTTATTTTTAAT
MEME-5,TTTTTTTTTTTAATCTGAAAT
MEME-5,TAATTTATCTTATTTTATAAT
MEME-5,ATAATTAATGTGTTTTTAATT
MEME-5,TATATAATTTATGTTTTAAAA
MEME-5,TATTTATACATATATGTATAA
MEME-5,TATTTATACATATATGTATAA
MEME-5,TATTTATACATATATGTATAA
MEME-5,TATTTATACATATATGTATAA
MEME-5,CTTTTTTTGTTTTTTTAAATT
MEME-5,TTATATATAATGTTTTTTGAA
MEME-5,TACATATTTATACATATATAT
MEME-5,TAATATTATATATACTTAATA
MEME-5,TACATATTTATACATGTATAA
MEME-5,TTTTAATTAAAAGTTTTAAAT
MEME-5,TTTTTCATTGTACTTTTTTAA
MEME-5,TTTGTTTTATTATTCATATTT
MEME-5,CAAATCTAATTATTTTTATTT
MEME-5,TATGTAATATTAATATTTATA
MEME-5,CTTTTTTAAAAATTAATATAT
MEME-5,TTTTATTTTCTTCATTTTGTT
MEME-5,ACTTTTTTTGTATTTTTAGTA
MEME-5,TTTTTGTTATAGTTTCTATTT
MEME-5,TTTGTTTGCTTATTTTTAAAT
MEME-5,AAAATATTCTTATTGTTATTT
MEME-5,TATTTTATGTTGTCTTTATTA
MEME-5,TTAATTTATATATTACAAGAT
MEME-5,ATAATTTTTGTATTTTCAGTA
MEME-5,TTTTTTTTTTTAATAACATAT
MEME-5,TAAATTTTAATGCTTTGTGTA
MEME-5,AAATTTTTGCAATTATTTTAA
MEME-5,TTTGTTTTTTTAGTTTGTTAT
MEME-5,TTATTTATTAATTAACTTTAT
MEME-5,CATTTAATTTTATTTCAATAT
MEME-5,CATATTAAGTAATTTTTTTTT
MEME-5,TTAAAATATTAATTATGAATT
MEME-5,TTTAATTGATTTTTTTTTGTT
MEME-5,CTTTTTGTTTTGTTTTGTTTT
MEME-5,TAATTTGTATAGATTATATAT
MEME-5,TATTTAAAAATAATTTGTATA
MEME-5,TATTTTTTTTTCTTAAGAGAA
MEME-5,TATTTTTTTGTAAAACAATAT
MEME-5,TTTACTTTGTAATTTGTAGTT
MEME-5,CATTTAGTGTTGTTTTTTTTT
MEME-5,TATTGCTTTTTATTTTAATTA
MEME-5,TTTGTTTGTCTGTTTTTTTAA
MEME-5,CAATTTATGTAATTAATATTT
MEME-5,AAAAAATTTAAAAATATAAAA
MEME-5,ATTATTAATTAGAATTTTGTT
MEME-5,CTAATTTTTAAGAATTGAGTA
MEME-5,AACATTTTGTTTTTATTAAAT
MEME-5,TATATATAAATCAATTTTAAT
MEME-5,TTTAAATTTCTTCATTTTGAT
MEME-5,TATTTCATTCTATATATAGAT
MEME-5,TTAGTTGTATATTATTTTTTA
MEME-5,TACTTTTTTATTTAAAAAAAA
MEME-5,TAAATATTCTATTTTATTCTT
MEME-5,CTTTTGTTTTTAAAATAATAT
MEME-5,TTATTTAATTAGATGTTTATA
MEME-5,TAAAATTTTATAGTACTAAAT
MEME-5,ATAATGTTAATATAAGTAATA
MEME-5,TTATTATTTTTGAAATTGCTT
MEME-5,TTTAGTTTAAAATAAATAATA
MEME-5,AAAATGTTTTTGTTTTTGTTT
MEME-5,TTATTTTATTTTATTAGACAA
MEME-5,ATATTTTTGCTCTATTTTATA
MEME-5,ATATTATTAAATTATCTTAAT
MEME-5,TTGATATATAAAAATTTACAT
MEME-5,ATAATTGTTATACTTCTTTAA
MEME-5,TATATTTAGGTGTAAATATAT
MEME-5,TAATTTAATTTCTATTATGAA
MEME-5,TTAAACATTTTATTTGTTGAA
MEME-5,TTTTAAGTAAAAATATTTTTA
MEME-5,AATTTATTAATGCAAATAAAA
MEME-5,TAAATTATTTAGAAACTTTAA
MEME-5,TACTTGTTCTTAATTTTTAAT
MEME-5,CAATTAAAAGTATATTTTGAT
MEME-5,TACATATACATATATGTATAA
MEME-5,CTCTATTTTGAATTTTTTGAT
MEME-5,TTATTTTTATAAGAGATATTA
MEME-5,TTCTTGATTATAAATGTATTA
MEME-5,TATATAATTAAGCATTGTTTT
MEME-5,TTTTCTAATTAAATTTTACAT
MEME-5,CTTTTTATTGATGATTTAAAA
MEME-5,ATTTTTTAGGAGTTTATAATT
MEME-5,TTAAAAAATAAATAAATAAAA
MEME-5,AATTTATTTGACGTTTTATTT
MEME-5,CTAATTTTTGTATGTTTAGTA
MEME-5,ATTTTATTTTAACTGTTTCTA
MEME-5,TAATAATACTTTAATTTAGAA
MEME-5,TAATTAATTGTAATCTGAATA
MEME-5,TAGATTTATCACTTTTTAATA
MEME-5,TAATTTTACTTACAATTTCAT
MEME-5,TTAATTTTGATGAAATATGAT
MEME-5,TTATATGTTGTCATTTTAAAA
MEME-5,TATTTTGTATTAAAAAAATAA
MEME-5,TAATTTATCATATAAAGAATT
MEME-5,TTTTTGTAATTACTATTTCTT
MEME-5,TAGATAGTTTTTCTATTATAA
MEME-5,TAATTCTAGTTTCATTTAATA
MEME-5,ATGACATTTATAATTTTTTTT
MEME-5,TAGTTAAACAAATATTTAATA
MEME-5,TTTATATTCTTGGTTTGTTAA
MEME-5,TATTTTTTTTTCTTACTGGTA
MEME-5,TACTTATGAATACATTTTATT
MEME-5,TTAATAACTCTATTTCTATAT
MEME-5,AAGATATTCATATTTGTAGTT
MEME-5,TTATATTTGATGCAAATATTT
MEME-5,AAATTATTTGTAGAATGATTA
MEME-5,TATACATATAAACATATATTT
MEME-5,TAAGTTTTGTAATATTTAACA
MEME-5,TAAATAGTATTATTGTAAGTA
MEME-5,AATATTATTAAAGTAGTAGTT
MEME-5,TTAATATGTAATTAATATATT
MEME-5,ATAATTTTTGTGTAGTTTCTA
MEME-5,TTATTTTTAGAGTAAAAAGAT
MEME-5,CTTTTAATTATGATTGGATAA
MEME-5,TTTAAGGATATAATTTTATAT
MEME-5,TTATTTTTAATGAAAGGTGTA
MEME-5,TATGATTAATAATATGTATAT
MEME-5,TTTATTAAAGAAGTTATAGTA
MEME-5,TAATTGAAGTTTTTATTTTTT
MEME-5,TTAATTTTGGTGTAAAGATTT
MEME-5,TTTTGTTCTGTATATTTTGTT
MEME-5,TTATTCTCAATATATATTTTA
MEME-5,CATTTATCAGTAAATTTAAAT
MEME-5,TTTATTGTAGTATTAGTTCAT
MEME-5,TTATTTATTCAATTAGAACAA
MEME-5,AAATTGTTTATGGTTTTACAA
MEME-5,TAAACTTTAGTTTTTAAATTA
MEME-5,CTTATTAGAAAAATATTATAA
MEME-5,TTAATTTCACAAATTGTAAAA
MEME-5,TTAATTTTTAAAAACTATCAT
MEME-5,TAGTTAATATTACTTTGTAAA
MEME-5,CTTTTTAATATGCTTAAAATA
MEME-5,ATATTAACTTTAAATGTAAAT
MEME-5,TATTATAGAAAATTATTTGTA
MEME-5,AATATATACGTATATCTATAT
MEME-5,TTTTAGTAAAAACATTTAAAT
MEME-5,TATTTTATGTTGCTTTATCTT
MEME-5,ATATTAACTTTAAATGTAAAT
MEME-5,TTGTAAATTTAGTTTTGATTA
MEME-5,TAAAAATAAAAGGATTTATTA
MEME-5,TTAACATTTAAGGTATTTTAT
MEME-5,TTATTTTTTCACGTAATAAAT
MEME-5,TTCAGAATTAAACTTTTAATT
MEME-5,TTAAATTATGTGATATATAAA
MEME-5,TTAAATTAATACTTTTAAGTA
MEME-5,AAAAATGTAATTTATTTTAAT
MEME-5,AATATAAATATATTATATCAA
MEME-5,ATAATATTAATATAAGTAACA
MEME-5,ATAATATTAATATAAGTAACA
MEME-5,TTATTATTAGTGTTTTATGCA
MEME-5,TTAAAAAATAATTTGTTATAA
MEME-5,TATGTTATTAAACATGAAATT
MEME-5,TAATTTGTAAACTTAATTATA
MEME-5,TATTTTACTACAATTTTATTA
MEME-5,TTATTTATTGAAAACTATGTA
MEME-5,CTTATATAAAAATTAATTCAA
MEME-5,TACATTTGTTTGTTTGTTCTT
MEME-5,TATGTAATTCTTAATATAGAT
MEME-5,AAAATTGTTGAAAATGTTAAA
MEME-5,ATTTTATAGTAACATTATTAT
MEME-5,CTAAAATTAATAAATTGTGTA
MEME-5,ATATTAATCACATATTTATTA
MEME-5,TTTATTTATGTCCATAAAATA
MEME-5,TATTCTTTTCTATTTGTAGCA
MEME-5,AATTTAGTTAATAAAATAATT
MEME-5,TAAATTAGTAAAGTAATAATT
MEME-5,AATATTTTTATAATGTGTCTA
MEME-5,TATATATCTATATAGCTATAT
MEME-5,TAGAAATTACTAATTTTACTT
MEME-5,TTTAAAATTTAGTCATTTAAA
MEME-5,TAAATATTTGTGTGTGTATAT
MEME-5,TTTTTTAGTGAACTTAAAATA
MEME-5,TAATTAGATCAATTACTTATT
MEME-5,TATATTGTTCTAATGTAAAAT
MEME-5,TTGATTTTTTAATTTCTATGA
MEME-5,TTAGTTTTTCAATTCATACAA
MEME-5,TAATTAAGTTAGATACTAATA
MEME-5,TTAGTTTTTCAATTCATACAA
MEME-5,TTCTCTTATTAATTCTTTAAA
MEME-5,TTGGTTTTGTTAATGTTAATT
MEME-5,TATTACTTGATATTTTAACAA
MEME-5,TTTAAAATTAATTCATTAGAT
MEME-5,TTATAGTTATTGTTTGATTAT
MEME-5,TAAAAATTGATATTCTGTATA
MEME-5,TTATTATCTTTGATCGTAGTT
MEME-5,CTTATTATTTATTCTGTTAAT
MEME-5,TCTATGTTTCTGATTTTATAA
MEME-5,TAAATTTGACAATATCTTGAT
MEME-5,TCAATTAACAAATATTTATTA
MEME-5,TTATTAATCTACTTACTAAAT
MEME-5,TATTTCTACTTACTAGTTATA
MEME-5,TTTGTAACATTAGTTTTAAAA
MEME-5,AATTTATTCTAAATTTTAAGT
MEME-5,AAATATTTGTTGCAAATAATT
MEME-5,TAATACGTTGTACTTTTTGTT
MEME-5,AATATTAATAAAGAATAAATA
MEME-5,CATGTAATATAATTTGAAATA
MEME-5,TTTATAATGAAAATTTGGTTA
MEME-5,AACTAATTTCTGTTAGTATTT
MEME-5,TACATATTATATGTTCTAGAA
MEME-5,TTAAAATGATAATAATATTAA
MEME-5,ATTTTATTTACAAATATACAT
MEME-5,TTAACTTTCATTTATAATATA
MEME-5,CATATTTTAAAATTACTAACT
MEME-5,TAATATTACCTGTTTTGTATA
MEME-5,CTAAAGTTCTTACATTTTATA
MEME-5,TAGAATGTTATATATCTTGTA
MEME-5,TATAAAGTTTTCTAAATTTAT
MEME-5,TAAAGTATCTTTTTAATAGTA
MEME-5,TAAATGAAGGTATTTTAAGAT
MEME-5,AATGTATTTCTTAAATAATAA
MEME-5,TTAATTTATATTAAAACAGTA
MEME-5,ATATCAATACTAATTGTAATA
MEME-5,CAAATAATGATGAAAATAAAT
MEME-5,TATTTTAAAATAGCATTTAAT
MEME-5,AAATAATGTTAGTATGTAGAA
MEME-5,TTAATTTTTTTATTCGTAGAG
MEME-5,ATTGTTAGTTAAGTTTTTATT
MEME-5,CTTAGTTTAAAGATTGTATAT
MEME-5,AATAGATTGTAACATTTTAAA
MEME-5,ATTTTATTTAACCAACTAGAT
MEME-5,TATTTATTGATTGATCGATTT
MEME-5,TTATAATGGATTATAATATTT
MEME-5,TATGTATATTTATACCAATAA
MEME-5,CTTAGTTTAAAATACTTTATT
MEME-5,ATTTTAATACTTAATTTGGTA
MEME-5,ATGAATTTTCAAATTCTAATA
MEME-5,TAGATTATACTACTACTAATT
MEME-5,CTAATCTATTACTTTATAGAT
MEME-5,CTAATCTATTACTTTATAGAT
MEME-5,TATATTTGGGATTTATATATT
MEME-5,TTGTAATTAGTGTATATACAA
MEME-5,TAAATATTCATTTTTGTTAGT
MEME-5,TAAGTATAATAATAAGGAAAA
MEME-5,TAAATATATATGTATCCTGTT
MEME-5,ATAATGTTAATATTAGTAACA
MEME-5,TACATTTATAAAATAATAACT
MEME-5,TATTTATTGTTAACTGTGAAA
MEME-5,TAAATAATTCTTGTCGTAAAA
MEME-5,TTTTGTTAGAAACTAATAAAT
MEME-5,ATAGATTTTATTTACTTACTA
MEME-5,TAATATGAACAACTATTAGTA
MEME-5,ATAAACATTAAGATATTAAAT
MEME-5,CTAATATTAATAAACGATATA
MEME-5,TTAACAATCATATATAATAAA
MEME-5,TTCTTAATTAAGATCATTGAA
MEME-5,TATTTATAGTTTAAACGATAA
MEME-5,TTAATATTTCTACAACCAATT
MEME-5,ATCTTAGTTCAACTTTAAATT
MEME-5,CAATTAAATATTTACTATAAA
MEME-5,ATAATGTATTAACTAGAAATA
MEME-5,ATCTTAGTTCAACTTTAAATT
MEME-5,ATCTTAGTTCAACTTTAAATT
MEME-5,ATCTTAGTTCAACTTTAAATT
MEME-5,TATTTGTTACAAGATTTGTAA
MEME-5,TAAATTTTATTACCATAGATA
MEME-5,CTAATTATCTTAAATTCTAAT
MEME-5,ATATAATAAATGCATTTGTTT
MEME-5,TTGGTAATAGAATTTTGTTAA
MEME-5,TACACAAAGTAATATTTTATT
MEME-5,AAGACAGTTTTATATGTAATA
MEME-5,CATTCATTAAAATCTTTACTA
MEME-5,TTTTAATAGTTGCTGATATAT
MEME-5,ATAATATAGTTAATCTGTAAT
MEME-5,CTAATCTATTACTTAATAGAA
MEME-5,TACTATTTAATAAAACAAAAT
MEME-5,TATTAAAATAAACATGGTATA
MEME-5,CTTGTAGAATAACTATTATAT
MEME-5,AATTCATTAATGCAAATAGAA
MEME-5,CTAATCTATTACTTAATAGAA
MEME-5,CTAATCTGTTATTTAATAGAA
MEME-5,TAGATATATAAACCTTAAAAA
MEME-5,TAAACTTAACTAATAGTACTA
MEME-5,TAAGTATAAGTGACTTTTAAA
MEME-5,TAATGTGTATTATATTGTCTT
MEME-5,TAAACTTAACTAATAGTACTA
MEME-5,TTCTTAAATATTTAGTTGATA
MEME-5,CAATTGTTAAACTATTGAAAT
MEME-5,AATTCTTAATAACTACTAAAA
MEME-5,TAATTATAAGAACAAGATGAT
MEME-5,TATATTGTAAAACCAATAGAT
MEME-5,TTTGTCTATTATGATATAGTT
MEME-5,TATACCATTAAGTAATAATTA
MEME-5,TAAAATGAGTAACTTTGATAA
MEME-5,TATAGTTTTACATATTTGGAA
MEME-5,TTTGAATCAATGTATTAATAT
MEME-5,CTATAAATAATGATGATAATT
MEME-5,CAATATAATCTAAATAAAGTA
MEME-5,TATAAAAATATGCCTATAGTT
MEME-5,CTAACTATCCTAAATATATAT
MEME-5,TATTATAGTCTTCTTCTAGAT
MEME-5,TACGTTTTTACACTTCTAGTA
MEME-5,ATAATGAATTAACTAGAAATA
MEME-5,GATAAATTAAAGTTATTATAA
MEME-5,ATCTTAAGTAAATTTATGATA
MEME-5,TACATATGTTAGAATCAATAA
MEME-5,ATAATGAATTAACTAGAAATA
MEME-5,AATATAGTGTTGTATGTGGTA
MEME-5,CTATATACTATTTATATACAA
MEME-5,TAATATTAATAAGCAATATAA
MEME-5,TAATGATTGTAGTTAAATGAA
MEME-5,TCTATTTATCTCTAAGTATAT
MEME-5,CTAATGTTAGTATAAGTAACA
MEME-5,TAAAATATCGTGTTGTTTCAT
MEME-5,TAAATCATATATCATAGTTTA
MEME-5,TTAGTTTAGTAATTTGGGAAA
MEME-5,ATTACTTTTATACTCGTGTTA
MEME-5,TAAATGAACTAGATAATTAAT
MEME-5,TAGTTAAATTAGAATGGTGTA
MEME-5,CTATTATTTATACCATTAATC
MEME-5,AACTATTAGCAAATTATTGTA
MEME-5,CTAGTATAGTAGTTGATAGAA
MEME-5,TTTACTTAGTAGAACATTATA
MEME-5,TAGAGTTTATCACTATTAATT
MEME-5,TACTTACGTATGTTTGTACTT
MEME-6,GATGGGGTTTCACCATGTTGGCCAGGCTGGTCTCGAGCTCCTGACCTCA
MEME-6,GACAGGGTTTCACCATGTTGGCCAGGCTGGTCTTAAACTCCTGACCTCA
MEME-6,GACGTGATTTCACCATGTTGGCCAGGCTGGTCTCGAACTCCTGACCTCA
MEME-6,AACGGGGTTTCACCATGTTGGCCAGGATGGTCTTGAACTCCTGAGCTCA
MEME-6,GACAGGGTTTCACCATGTTGTCCAGGCTGGTCTCGAACTCCTGAGCTCA
MEME-6,GATGGGGTTTCTCCATGTTGGTCAGGCTGGTCTCGAACTCCCGACCTCA
MEME-6,GATGGGATTTCACCATGTTGGCCAGGCTGGTCTTGAACTCCTGTCCTCA
MEME-6,GACAGGGTTTCACCGTGTTAGCCAGGATGGTCTCGATCTCCTGACCTCG
MEME-6,GATGGGGTTTCACCATGTTGGTCAGGCTGGTCTCGAACCCTTGACCTCA
MEME-6,GACAGGGTTTCGTCATGTTGGTCAGGCTGATCTCGAACTCCTGACCTCA
MEME-6,GATGGGGTTTCACCGTGTTAACCAGGATGGTCTCGATCTCCTGACCTCG
MEME-6,GATGGGATTTCACCAGGTTGGCCAGCCTGGTCTTGAACTCCTGACCTCA
MEME-6,GATGGAGTTTCACCATGTTGGTCAGGTGGGTCTCAAACTCCTGACCTCA
MEME-6,ATGGGGGTTTTGCCATGTTGGTCAGGCTGATCTCGAACTCCTGACCTCA
MEME-6,AATGAGGTTTCACCGTGTTAGCCAGGATGATCTCGATCTCCTGACCTCG
MEME-6,GACGGTGTTTTACCATATTGGCCAGGCTGGTCTTGAGCTCCTGAACTCA
MEME-6,GATGAGGTTTTGCCCTGTTGGCTAGGTTGGTCTTGAACTCCTGACCTCA
MEME-6,GACAGGGTTTTGCCATGTTGGCCAGGCCAGTCTCAAACTCTTGACCTCA
MEME-6,ATGGGGGTTTCACCATATTGGCCAGTCTGGTCTCGAACTCCTGACCTTG
MEME-6,GACGGGGTTTCACCCTGCTGGCCAGGCTGGTCTCGAACTCCTGACCCAC
MEME-6,GACGGGGTTTCGCAGTGTTAGCCAGGAAGGTCTCAATCTCCTGACCTCC
MEME-6,GACAGGGTTTCGCCATGTTGCCCAAGTTGGTCTTGAACTCCTGGGCTTA
MEME-6,GATGGGCTTTCGCCATGTTGACCAGGCTGGTCTCAAACTCCCAGGCTCA
MEME-6,AACATTGTTTCACCACGTTAGCCAGGATGGTCTCCATCTCCTGACCTCG
MEME-6,GACGAGGTTTCACCGGATTAGCGAGGATGGTCTCAATCTCCTGACCTTG
MEME-6,AAGACGGTTTCTCCATGTAGGCCAAGCGGGTCTTGAACTCCCAACCTCC
MEME-6,AGATAGGTATTGCTATGTTGCCCAGGCTGGTCTCAAACTCATGGCCTCA
MEME-7,AGCGAGACTCCATCTCAAAAAAAAAAAAAAAAAAAAAAAAA
MEME-7,AAGAAAAAAAAGCAAAAAAAAAAAAAAAAAAAAAAAAAAAA
MEME-7,AGCGAGAATCCGTCTCAAAAAAAAAAAAAAAAAAAAAAAAA
MEME-7,AGTGAGACTCCGTCTCAAAAAAAAAAAAAAAAAAAATCAAA
MEME-7,AGCAAGACTCTCTCAAAAAAAAAAAAAAAAAAAAAAAAAAC
MEME-7,TAGAAGCTTTTTTCAAGAAAAAAAAAAAAAAAAAAAAAAAA
MEME-7,ATAAAGATTACTAAAAAAAAAAAAAAAAAAAAAAAATTAAT
MEME-7,AGCGAAACTCCGTCTCAAAAAAAAAAGAAAAAAGAAAAAAA
MEME-7,AGTGAGATTCCTTCTCAAAAAAAAAAAAAAAAAAAAATCAC
MEME-7,AACAAAACTCAGTCTCAAAAAATAAATAATAAAAAATAAAG
MEME-7,GGAGAGATTTTATTAAAAAAAAAAAGAAAAAAAAAGAAAAA
MEME-7,AAAAAAAAAAAAACCAAAAAAAAAAAAAAAGTATAAAGCAC
MEME-7,AAAAAAAAAAAAAAAGACAAAAAGACCAAAAAAAAAAAAAA
MEME-7,AGTGAGACCCTGTCTCAGAAAAGAAAAAAAAAGTAAAAATT
MEME-7,AGTAAGGCTCTGTCTCCAAAAAAAAAAAAAAAAAAAAACAA
MEME-7,AGCAAAACTTCGTCTCAAAAAAAAATAAAAAAATAAGGCTC
MEME-7,AAAAAAAAAAAAACCCAAAAAACAAACAAAATTTAACAAAA
MEME-7,AGTGAAACTCCATCTCAAGAAAAACACAAAATACAAAACAA
MEME-7,AAGGTGATTTATTCTTAAAAAAAAAAAAGAAAGAAAAAGAA
MEME-7,AAAAAAAAAAAAACTTAAAAAAATTTTTAAAAAACATAAAA
MEME-7,TTGAACTTCTTTAATCAAAAGAAAAAGAAGAAAAAAACTAA
MEME-7,ATGCCGATCCATTTAAAAAAAAAAAGAAGAAGAGAAAAAAA
MEME-7,TACTTTCTCTTGTTTAAAAAAAGAAAAAAAAACTTAAAAAA
MEME-7,GGCAAGACTCCGTCTCAAAAAAAAAAAGAAAAATATAAAGC
MEME-7,AGCGAGACTCCATTTCAAAAAAAGAATCAATAAAAATGTTA
MEME-7,TGGAAGAAGAAAGCACTGAAAAGAAAAAAGAAGTTGAAAAA
MEME-7,TTGTTGATCCAAAATTAAAAAAAAAAATACCACCAACAAAA
MEME-7,TCAAAGAATCTTTAAGGGAGGTTTAAAAAAAAAAAAAAAAA
MEME-7,AAACAGAAGTATTTACACAAGAACAAGTGAAATTACACAAA
MEME-7,ATGAAAACTTAGGGACTAAAATTAATATAAAAATTGGCATA
MEME-7,AGCAAGACTAATAAAGAAGAAAAGAGAGAAGAATCAAATAG
MEME-7,AAGAATTCACAGTATGAAGAAAAAATATGAATGCAACAAAT
MEME-7,AAGAAAAAAAAAAAACAAAAAAAAAACCTACTTTTTAGATT
MEME-7,ACCAAGAATCCAAAAAAAAAAAAACCCTAGAATTTAATCAA
MEME-7,TTGTTGATTCAAATTTCCATGAAAAAGAAAAAAAAAACTAC
MEME-7,AACAAAAAGGAAACATAAGAAAAAACATAAAGAGAGACATA
MEME-7,AATTCACACAAATATGATATATTAAAGAAGAATTTATCAAA
MEME-7,AATATGACAAAAAGTTTAAAAATGCATAAAAAATAGGATTT
MEME-7,AAGTAAAATCTGCATAAAGTGTTGAAATAGGAATATACATT
MEME-7,ATGAATAAAATCAATGAACATTAGAAAATAAAATATAGATG
MEME-7,AAGAAGTCCAAACCTGAAAGAAAAGAAAAGAAAATGCCCAA
MEME-7,ACGCATCCCTTTTATTTAAAAAAAAAAAAAATGCTAATAAA
MEME-7,AGTCAAATATTGCATGATGTAAAGAAAAAACTTTAAACTTA
MEME-7,ATTCAGTAAACATGAGACAAGTTTAGGAAAAACTAATAAAA
MEME-7,CAGAAGAAACAAACAAACAAACAAAAAAAGCTTGCAAAATA
MEME-7,TTTTAGCAAAAAAGAAAAAAAAAAGGCACATAGTTTAAAAA
MEME-7,AGAAAGCAAAAAGCTGGAAAGAAACAGAAGTAAGATAAATA
MEME-7,AGGAAAAAACCTTGTAAAGAGAGTAAAAAATTTAATACCCA
MEME-7,CTTTAGAAACAGTGCCAAGAATGACAAGATATTAAAAAAAA
MEME-7,AGTGAGACCCTGTCTCAAAAACAAAAAACAGAATTGATTGA
MEME-7,TGACAGAGCAAGACCCAACTCTTAAAAAAAAAAAAAAAATA
MEME-7,AGCAAGACAGCTCTTCTTGAAAAAAAAAATATGTATACACA
MEME-7,TAATGGCAGCCATTTCAAAAGATAAGAAAATGGAAATTAAG
MEME-7,AAATTGACACCCTAACATCACAATTAAAAGAACTAGAAAAG
MEME-7,AGTTAAAATCTTTGAAAAAAATTTAGACGAATGGATAACTA
MEME-7,AAAAAGATACTTTTTCAAATTTAAGAGTTAATCTTGGAAAT
MEME-7,AGTAAGACCTTGTCTCTTAAAAAAAATACATTCTGAAGAAA
MEME-7,AAGAAGCTTCCTTGTCAAAAAGAGAGAGAGAGAAAGAGAGA
MEME-7,TGACAAATTAACAGCCTAATATTAATAAACAACTCAACAAA
MEME-7,TGACAAATTAACAGCCTAATATTAATAAACAACTCAACAAA
MEME-7,ATTTAAAAACACACTGAAGAAAAACTCTGAATGTAAGGAAT
MEME-7,TAGTTGCTTTTTTCATGAAAGAAAAAGACTCAAAAGACAAG
MEME-7,AGCCAAACTAAGCTTCATAAGTGAAGGAGAAATAAAACCCT
MEME-7,TAAAAAATAGCAAGTTGAATAGTAATCAAAAAACATAGAAA
MEME-7,CATAAATTTCTCTTTTTGAAAAAAAGAAAGCATTTGTACTA
MEME-7,AAATAACTAAAATCAGAGCAGAACTGAAGGAAATAGAGACA
MEME-7,AAAGGGTATCAGTGATGGAAGATGAAATGAATGAAATGAAA
MEME-7,AAGAAGAGTCACTCCCTAAACCTAAAGAAAAAACTAAGCTA
MEME-7,AGCATGTCAAATTGGTATAAAAAGATGGAATATTAAATAAG
MEME-7,TAAAAAAAACAATATCCCAAATAAAATCAGAGTCAGAAATG
MEME-7,TAATTGTCAGATTCACCAAAGTTAAAATGAAGGAAAAAATG
MEME-7,AGCCAAACTAAGCTTCATAAGTGAAGGAGAAATAAAATCCT
MEME-7,CACAAGTATCAATGTCTAAAAAAAATCATGACTTTAAACTT
MEME-7,GAAAAGAAAATATAACAGAAGATGAAGCAAAAGAAGTTCAT
MEME-7,ATAAAACAGACTTTAAACCAACAAAGATCAAAAGAGACAAA
MEME-7,AGGATGATTCTCACTCAGCAGAGGATAGTGAAGATGAAAAA
MEME-7,ATCTACAATGAACTCAAACAAATTTACAAGAAAAAAACAAA
MEME-7,TTGAAAACTCTGTGTTTGGAATATCTCTAAAAACATAGAAA
MEME-7,TTGTTAACACTAGACTATCAGTAAATTATCAAGAATAAAAA
MEME-7,AAGAAGAAGAAAGAAGTAAAACTATAGAGAGTTTAAAGACA
MEME-7,AAGAAGAAGAAAACTAAGAAGATCAAAGAGAAATACATTGA
MEME-7,ATGTGATTTTTTTTTCAGCACTAAAGAAGAATTTAAATACA
MEME-7,AGTTACACCCAAGTCTGAAAAGAAAAGTAAGAACAAACAAA
MEME-7,AAGCTGAAATCTTAGGGAAAAATAAAAGTTAACTAGGCAAA
MEME-7,ATGATGCAGACCTTAAATAAAATGAAAGAGAAACTTGAAAA
MEME-7,AACAAAACCACAAATGACAAAAACAAAACGGACTCACAAAA
MEME-7,TACAAACCACTGCTCAATGAAATAAAAGAGGATACAAACAA
MEME-7,TAAAAGACACAGACTGGTAAATTGGATAAAGAGTCAAGACC
MEME-7,CTGGAACTGCCAAAACAAAAAAACAAATACAAACAAACCTC
MEME-7,ATACTAAACCCAAACCAGAAGAAGAAGTGAAACCTGTGAAA
MEME-7,TGTCAACATTAGACAGATCAACAAGACAGAAAGTTAACAAG
MEME-7,TAAAAGACTAGCAACTGAGAAAAAAAAACATTGCAACACAA
MEME-7,TGAATGACTACTGGGTAAATAATGAAATGAAGGCAAAAATA
MEME-7,AAAACGAAAATATGAGAAAGAAAAAGGAGGAAGAAGAACGT
MEME-7,AAAAAACTTTCACCTTAAGAATTTGAAAAGGAAGAAACCTG
MEME-7,AAATTAACTCATTACAGTAAAAAGGACTGATTTTTAAGCCA
MEME-7,TAATTGTCAGATTCACCAAAGTTGAAATGAAGGAAAAAATG
MEME-7,AAACAACCTTCATGTAGAGAGTAAAAAACATTATCCCCATA
MEME-7,AAACAACCTTCATGTAGAGAGTAAAAAACATTATCCCCATA
MEME-7,AAGCAGCAACCGTAAGATAAACATTTGTTACACTTAAGAAA
MEME-7,AAGGTGCTGCTTATCTAAAAAATAAAGATGGTTTAGTCATC
MEME-7,TTTTTGAAGCCTCTACAAAGGATAATTAAAATTTACACCAT
MEME-7,ATAAACATTATGAATGATGAAAAAGCTAACAGAGTAAATAA
MEME-7,AAAAAGATTCCATTCTGAATCTTAAGTGGTAATTTTAGAAT
MEME-7,AGGAAAAAACCTTGTAGAGAGAGTAAAAAATATAACTTCCA
MEME-7,TGGAAATAAATGACTAGCAAATAAAACAGTCATAAATACAA
MEME-7,AGGAAGAAACTGCATCAACTAACGAGCAAAATAACCAGCTA
MEME-7,AATAAGACTTTTTTCTAGAGACAAATATGATGTATACCACA
MEME-7,TTACAGATAACAAATCAAGAGTGAAATTTGAGGTTATACTC
MEME-7,TGGAAGCTGCAGTTTCCAGAATAAGTGGAGTAATAACTAAA
MEME-7,ATAAAAAGTCACTTATAGTTAAAGATCAGAAAATTATCACA
MEME-7,AGGAAGAAACTGCATCAACTAACGAGCAAAATAACCAGCTA
MEME-7,ATACACATTCAAAGTAGGAAATAGCAGATAAAAATGTACAC
MEME-7,TTTTGAAATTTGTAAGAACAAAATTTGTTAAGAAAAACAAC
MEME-7,TAAAAGACACAGACTGGCAAATTGGATAAAGAGTCAAGACC
MEME-7,TGTAAGACAACATCTTAAATCTTAAAAGTGTTGTTATCATG
MEME-7,CTATAAACACCTCTATGCAAATAAACTAGAAAATCCAGAAG
MEME-7,TAAGAGAAGTTTAGAGGAAAAAGAGTAAAAAGAAACGAACA
MEME-7,AAAAGACTTTTTTTTAAAAAAATAAAGTCCATACTTACACT
MEME-7,CAGTAGATGATGACTGAAGAATACCAGTTAAATAATACATT
MEME-7,AGCCTACATTTTCAACCACAATAAAGATGAAACAAAATTTA
MEME-7,ATGCATCTGCTATTCCAGAAAAAAATGGGAATGTATTACAG
MEME-7,ATCAAGTAGTTGAACAAAAAATTACTAAAGCATTTCCGTTA
MEME-7,AAATAGATACCACAGGAAGAGTAGATGTAGCATAATTCTTA
MEME-7,GGGAAAACAAGGAATTATCAACAAAGAAGGATATTTAGAAG
MEME-7,AGATTGACTCACTTAATATAAATAAGTAGCATACACTAAAA
MEME-7,TTGGAAAAAACTACTTTAAAGTTCATATGGAACCAAAAAAG
MEME-7,ATGAAGAGGCAGTATAAACAAATAAGATGAGAAGACTCTAT
MEME-7,AGATACACTACCATAAGGGAAAGATGAAAGAACTAAATTAA
MEME-7,AAGCATATTTTGATTCTACAAAATAAAATTGATTTGGTAAA
MEME-7,ATACAAAATCAATGTACAAAAATCACAAGCATTCTTATACA
MEME-7,AAAATGAAGACATGAATTCTAGTGAGATTAAAATCTAAAAA
MEME-7,TTAGAGTATTTGCTATAACAAATGAAGTGCAATGACAATTA
MEME-7,TTTTATCATAAATGCAGAATAATCAAATACATTTTAAGCAA
MEME-7,AAATATACTGTAGCAAGAAAAAGGACCAGGAAGAAAACAAG
MEME-7,AAACAACCTTCCTACAGAGAGTAAAAAATATTTCCACCATA
MEME-7,AGTAAACATCATTCAGGAGGAATATCAAGAATATCGCCAAA
MEME-7,AAGACAAAATAATCTTTCCTAATGATGAAAATGTTAAATTC
MEME-7,ATGAAGATATAGATAGATAGATAGATAGATAGATAGATAGA
MEME-7,TGTTGAACAATGTTATATGAAGTAGAAAAAATAAAATACTT
MEME-7,CAGGAACTTTTGTTAGGAAAAAATTGAAAGAACTTAAGTCT
MEME-7,ATCAGGCCAGCGTTTTAAAACTAGAAAAAGAGATGAAAAAG
MEME-7,CATCATCCACAACCTTAACAATGAACAAGATATTCGAAAAA
MEME-7,ACTAAAACATTTACCCAAATAAAGTATAGGCGATAGAAATG
MEME-7,AGGAAAAAGATGAACTACAAATTGGGGAAAAATATTTGTAG
MEME-7,TTATAGTCTCTTCATGGAAAACAGTAAAAATACTCACGTTT
MEME-7,TAGAAGTTAGAATAATATGAAGTAATCAGGAAATATCTATG
MEME-7,ATCAAATCTAAGGCATATCATATACCTTTAATTTAAAAAAA
MEME-7,TGAAGCTCTTTAAATCATGGATAAATGAAAAAGATATCAAT
MEME-7,CCCTAGCTCCCCGATCAAAAGTAAAGAAAATTATTCAGAAA
MEME-7,ATGAAGATTTCCTAATGGAAGATGATGACGATAGTGACTAT
MEME-7,CATAAGCCTACATCAGACCAAAATATTAAACTGACAATTAA
MEME-7,CAATAGATATAGTACCGCAAGGGAAAGATGAAAAATTGCAA
MEME-7,AAAAAGACCAACTAATATATGTAAAGATGCACAAATTCATT
MEME-7,CAATGGAATCTTATGCAGCAATGAAAATAAATGAACTAAAG
MEME-7,TGTGATACGATGCTTCAAGAGAAAATGCGGTTATAAAAAAT
MEME-7,AGAATGTTAAGTTCCCAGATGAGGATGAAATACTAGAGAAA
MEME-7,ATAAAGCTTGAGTTATGTAAGATTTAAATAAAAGTTTGCTA
MEME-7,ATATTGACCCAATAATTTGATCAACGGAACAAGTTACCCTA
MEME-7,TGGACGTAGTACTGCAAGGTAAAGATGAAAAAGTTAACCAA
MEME-7,AATCAAACCATTTACCCAAACAAAAGTATAGGCGAAAGAAA
MEME-7,ATATTGACCCAATAATTTGATCAACGGAACAAGTTACCCTA
MEME-7,TGGACGTAGTACTGCAAGGTAAAGATGAAAAAGTTAACCAA
MEME-7,AATCAAACCATTTACCCAAACAAAAGTATAGGCGAAAGAAA
MEME-7,TGACAGTAATAGTGTAAAGAAAGGGAATGCTTTATAAAAAG
MEME-7,GGTATGCTAATAAATTGAAAAATTAGTGAAATTTAAACTTC
MEME-7,ATCCAGTTGTCAAGTCAAAAGAGATTGAAGCTAAAATTAAG
MEME-7,ATCAAGTTTCTGTATGTGCATTTAATAGAGGAAAACTGAAA
MEME-7,AATCAACTATTTCGAGATAAAAAACAAGAAAGGAACAGACC
MEME-7,ATGGAGTTTGAGTAAAGAAAATGACTGATGTACTAAACCCA
MEME-7,ATGTTTTCTCTATATGGTAAAATATATATGAAGAAGTCTTG
MEME-7,TGGATGTTTCAAAAGGTCAAGAAGTAAAAGATGTTAGAAAG
MEME-7,AAAATACTGTTATACCAAATAATTCTAGATGAGTAACAAAG
MEME-7,ATTGTGTTACTAGCCTCAAAATACATCAAAAAATAAGTTAA
MEME-7,ATACTCAATCTGTATTAACATAGACTTCTAAATTAGTGAAA
MEME-7,AAAATGAACTAGAAAGAAATATTACAATCAAGCTTGGATAT
MEME-7,TAAAAGCACAAAAGTGCAGAAAGTATAAAACGGCTTACAAA
MEME-7,AATGAAAGCCAAAATTGACAAATGGGATCTAATTAAACTAA
MEME-7,TTAAATCAACAATAACAAAACAAGACAAAAACCTTTCCTTA
MEME-7,CATTAATAATCATAATGGCTATAGCAATAAAACTAGGAATA
MEME-7,CAATAGACATAATACCGCGATGGAAAGATGAAAAAACATAA
MEME-7,AAATTATTAATCTGAAAATAGCAACCCAGAATGTAAAAAAG
MEME-7,AAATTATTAATCTGAAAATAGCAACCCAGAATGTAAAAAAG
MEME-7,TGTTAGACCTAAAACCATAAAAACCCTAGAAGAAAACCTAG
MEME-7,TGTTAAAATCAAACCTGAATAAAACTACAAGTTTAATATGA
MEME-7,AAGATGACTATTTCCATAATGTTGACAAAGATGACTACCTC
MEME-7,TGTTGACCCTTTTCTAAAATTAAAAAGATCAAATTTAGTAT
MEME-7,AAATTACAACTTTGACATCAAAAAAGCTAGACATTCCTACA
MEME-7,ATAAAGATGAATTCTGAACTGTTACTAAAAGTACTCATTTT
MEME-7,ATTCACCCCAACCAGTAACAATGGAAAAAGTTGTAAAACAA
MEME-7,ATGATACTACCATATACGAAATGGAAAATGTAATATGCTCA
MEME-7,CTTTTGCATTAATCTAAGAAAAGGGGAGAGAAGTTAATCCA
MEME-7,TAATAATTGCTAAGGTAACAGCAAAAAAGGTATATGCTACA
MEME-7,AGGGAATAACTTTTCTGTAGAAAGTAAAAAATATTACCCCC
MEME-7,AGATAAATATTTTTATACCTAAGGAAATAGTGATTTTCCCA
MEME-7,TTATAAATGTTATAGAAGCAGGGAAGAATAATAAACACATT
MEME-7,TGGAAGATTCTGATTTGAAGAAGTCTGATATTGATGAAATT
MEME-7,TAAAGCACTCCTCAGCAAATGTAAAAGAACAGAAATTATAA
MEME-7,CTACAAAATCTGTTTCAAAATAAAAGATCTGCTCAAACAAG
MEME-7,CCAAATATGCCATTTGATAAATTACATAAGTGGTTAACACA
MEME-7,AATTGAACATTGTGTTGTGATATAAAAAGTAAGTTAGGCTT
MEME-7,TAACAGCCCAATATCTATAAATAATCAATGAAACCATTATT
MEME-7,TTGATACTGCTTTTATTTGAGTTTATGAACAGAAATAGAAA
MEME-7,TACAAGTTGCTTTGTTACAATAAAACTAAATGTGTACACAA
MEME-7,ATATAGAAACTAAAAATACTATGAAGTACATAAGTTCCCTA
MEME-7,TAATTGATCCAATAACTTGACCAACGGAACAAGTTACCCTA
MEME-7,TTGAAGTAAAAGTTTCTACAGAAGTTAAGGCGGTCAAATTG
MEME-7,AAAAAGTTTCTGAAGGTAAAAGATATACTAAAGGATATACA
MEME-7,TTTAACAAGTTGAGTAAAAATAAAAGGTATTTTTTAGTCAA
MEME-7,TAGTAACCTTAAAAAGAACATTATAACTGATTGTTGTGAAT
MEME-7,GATATACCGTTGTATTAAAAACAAGATAAAAAAGCTGCCAA
MEME-7,TATTGAAATCTTTAAGAGCAGTAGAGCTGAAGTTAGAACTC
MEME-7,ATTCAACCTGTAATAGATAAATTAAGGGAACACGAAAATTC
MEME-7,ATAAAACATGCATGGGATGTGAAGATTAAAAGTCAAGAATA
MEME-7,AGTAAGTCTTATTTTTAACTAAGCATTGACAGAATATCTTA
MEME-7,ACGTTATGTCCTGGTTTAAAAAGGATTAAAATTTTAAAATA
MEME-7,CGATTGAACACATTGATGAAGTACAAAATGAAATAGACAGA
MEME-7,AAGGGAACGTAAAATGAGAAAAGCTAAAGAGAATAGTGAAG
MEME-7,TAGAAGATGAAGACAACAAAAAAGATGATGGTATCTCATTC
MEME-7,AAAGTAAATGTCCATTGACAGATGAATTGGTAAACAAAATG
MEME-7,AACTTGATACAAAAATAAAAGTAATTGTTTGGCAATCTAAA
MEME-7,ACCAAATCATTTACCCAAATAAAGTATAGGCGATAGAAATT
MEME-7,TGTATCAAATATTTTAAAAACTGGAATAAGCTTTTCATATA
MEME-7,ATTGTGTAGCCTTTTTGTATAAAATAGACAAATAGAAAATG
MEME-7,TTTAAAAATTACTTTCAAGATTCAACATTACACAATAAAAC
MEME-7,ATGCTCAAGCAGTAATAAATGCCTATACAGAAATTAACAAG
MEME-7,TTGATTTTTCAGATAGAGAAACTAAAAATACAGCTGATCAT
MEME-7,AAGTAAACCTTTTGATGAAATATAAAAGGAACTCATTGCAT
MEME-7,AATGAAATAATGCTTCTACAACTTAAAATTATTTTTCATAG
MEME-7,TAGAAAATGTCTTGAGAAGATATATCAAGGAATATGTCACT
MEME-7,TGGTAATAACCAACTTGTAATCAAAGGAAGATTCCAACAGA
MEME-7,TGGATAAAAAATACATCCAAATTAAGATGTTTTAACACATA
MEME-7,AACAACACTTCATGCTAAAAACTCTCAATAAATTAGGTATT
MEME-7,TAATGGCTTCCATTACAAGGATAATAATGAAACTGGTGAAA
MEME-7,ATGAAAAACCCATATGTAATAATCGAATTCATTTAACATGA
MEME-7,TAGTAGTCAAATGGTAAAATGCAGCATAAGAATATAAGTCT
MEME-7,AAGTAGAAGTTATCATAGAAAGTGGACACGTATAAGACTTT
MEME-7,ATCCAAGTTATACATGAATAGAAAAAGATGGTGTTAAATTT
MEME-7,TTGTAGATTCAAATAATCCAGAAATATACCTAATAAGATTG
MEME-7,TTAATGATGAAGTTTTAGAAGTTAATGGCATAGAAGTTTCA
MEME-7,GTACAGACACGCTAATAAAGAAGAAGAATGTTTTAACCAAC
MEME-7,ATGCAGACATATCAACAACAGAAACCAAGCAGCACAGCATT
MEME-7,AAGCTCATAATGTTCCATGTATAAAAGTAATAACTTTATTG
MEME-7,CACTTGCCATTTTAACAACAGAAAGTACGAATGTTAGGCAG
MEME-7,CTAGGGAAACAGATCCAACAGTATATGAAAATAATCAGCTC
MEME-7,TGTTAGATAGTACTGAGAAAAAAAAAGTATGTGTTATGAGA
MEME-7,AGACTACCACTATAAAGTGAATATCACAATAACATGAATCA
MEME-7,AAGTTAATACCTCAGGATGGAATCAAGAAGCAGTAGACTTA
MEME-7,AAGTATACGTAAAGTGGAAATTTAAAGGAAGAGATATTTAC
MEME-7,AACTATACTATCACATGGGTCGTTAAGTAAAAATAAATAAA
MEME-7,TTGAAGACCTTCTAGCAGAAGCTAAAGACCTGTTTACTAAA
MEME-7,TAGAAGAATAGGTTAGAAGAATAGGGTAGTAGATACTGTAG
MEME-7,CAATTGACCCAATAATTTGACCAACGGAACAAGTTACCCTA
MEME-7,CAACAGTTTCTTTATAATAAATACGGTCTGCAATAAATTAT
MEME-7,ATCATGTTTACTCCTAATGATATAAGATAAAATGAGGTATT
MEME-7,AACATGATTTTTACATGAATGATACTTTGTTTATAACTATC
MEME-7,TGCAAGACACTATGTGTGAATAATACTTCCAAATATAGTAG
MEME-7,GGTCTAAATAATTTTCAGAAGATTAGAATTGGGTAGATATA
MEME-7,ACATTGATTCGATAATTTGATCAACAGAAGAAGTTACCCTA
MEME-7,CATAATCATCTGATATTAGTACAGTACAAGAAATTTACATT
MEME-7,ACAGTGAAGCTGAGTAAACTATAACTGTTAAACTTAAGTTC
MEME-7,TAATGAATTCTTTATTGAGTGTCTAAAACATAGTATAATAC
MEME-7,ATCTAGTAATCTATTCTTTTAATGTGAAAATAAGATAAAAT
MEME-7,AATTAGATCCCACATCGTATAAATATCTATTAACCATTCTA
MEME-7,ACACTGACCCAATAATTTGATCAACGGAATAAGTTATCCTA
MEME-7,TAAATGGAACTATTCCATCAATAGGCAAAAGTGTAACAACC
MEME-7,AAATTACCTCTACTACAACAGATGGGGAATCTGTTACGTTC
MEME-7,AGTGAAAATCCTCTAGATGAATGAATTAAAGTTGTAGGCAT
MEME-7,AAATAGTTACAGGCACTAAAGTTAGTAAAGAAAAGTTTACC
MEME-7,ATCAAAAACTCTTAGAAGAAGATGGAACAATCATAACATTA
MEME-7,TTCTAGAGTCCATATCAACAATAGGGTTTACAATCTCGATG
MEME-7,TAAAAAATCAATTGTCATCTAATATGAGTTTATTTGTCTAT
MEME-7,TTATACCTTCTGCGTAATGAATTAACTAGAAATAACTTTAC
MEME-7,ATATTACTTTCATTTGAAAGTATAATCTTCGTTAACACATA
MEME-7,TTATACCTTCTGCGTAATGAATTAACTAGAAATAACTTTAC
MEME-7,AAAGTGTACATTATCACTAAATGAACTTCGATTTTAAAAAT
MEME-7,TAATAGCATATAATTGATCTGAATGAGATGGAGAGAAGAAT
MEME-7,TAGGAGCTCACTCCTCATAGGTAGAGTTGACAATAAGCACA
MEME-7,TGGAAGAATTGGACATTGATCTAAAGGATATTTACTACAAA
MEME-7,GGTGAAACCCCGTCTCTACTAAAAATACAATAAATTAGCCG
MEME-7,AATCACACTACTCCCTATATCTAACAACGTAAAAATAAAAT
MEME-7,AACCAGTATCATTTTCGTGTGCTAATGAGCAAAGTAGTTAG
MEME-7,TATAAATCCACAACTACAAGGAACAGCTAGTAATCAAACAG
MEME-7,ATTGTATTTAAACTTCAGAAATATTTAAGACGATTGTAACC
MEME-7,GAATCGAATCGAATCGAATAGAATAGAATAGAATAGAACAG
MEME-7,ATATTGACCCGATAATTTGATCAACGGAGTAAGTTACCCTA
MEME-7,AATCAGACTTGAAATAATTAGTAACAAACCATACAAGATAC
MEME-7,ATGTCGTACGAATGTTGGTTAATGAAAATGAAGTTAAGCAG
MEME-7,AAGTAACAATTGCTCGAGCAATTGAACTAAAACATGCTCCT
MEME-7,ATTGTGACTTCTACAGGGATATTAATATTACTTCACTACTA
MEME-7,TGGATGAATCTACCCAAGAAAGCAAGTTACGATATATTCAA
MEME-7,GACCAATCTATCATTTCATAGAAGAAATAATGTTAGTATAA
MEME-7,AGACTGGCAAAGACTCAACAAGCGAGTAAACATATAAGATT
MEME-7,TAATCGACATTGACCTATTTCCAGAAATACAATTTTAGATA
MEME-7,TATACGTCACCATCATCAAAGACCAAAGGTAGATAAAACCA
MEME-7,TTTAAGTAGCTACAGGAGCTATAGATTTGAATCTAATGTTG
MEME-7,CTCCAGTCAACGTTACAACGGAAGTAAAATCTGTCGAAATG
MEME-7,CTCCAGTCAACGTTACAACGGAAGTAAAATCTGTCGAAATG
MEME-7,CTATTGTACGTACCATGCAGAATACAAATGATGTAGAAACA
MEME-7,GAAATTATCCAATGACGAAATCAAACGGGCAATTCTAACAA
MEME-7,AGTTAGAATTATTTCAAAGGACTTATACTCTACTAGGAAAG
MEME-7,CGACTAATTACCACCCAACAATGACTAATCCAACTAACCTC
MEME-7,ATGTAGCAAAATAGTGGGAAGATTCGTAGGTAGAGGCGACA
MEME-8,TTTTTGAGACGGAGTCTCGCTCTGTTGCC
MEME-8,TTTTTGAGACGGAGTCTCGCTCTGTCACC
MEME-8,TTTTTGAGACAGAGTCTCGCTCTGTCGCC
MEME-8,TTTTTGAGACGGAGTCTCACTCTGTCACC
MEME-8,TTTTTGAGGCGGAGTCTCGCTCTGTCGCT
MEME-8,TTTTTGAGTCAGAGTCTGGCTCTGTTGCC
MEME-8,TTTTTGAGATGGGGTCTTGCTCTGTTGCC
MEME-8,TTTTGGAGACGGAGTCTTGCTCTCTCGCC
MEME-8,TTTTGGAGTCAGGGTCTCGCTGTGTCGCC
MEME-8,TTGTTGAGATGGAGTCTCGCTGTCTCGCT
MEME-8,TTTTTAAGACGACGTCTCACTCTGTCACC
MEME-8,GTTTTGTTTTTGAGTCTGGCTCTGTCACC
MEME-8,CAGTAGAGACGAGGTTTCGCCGTGTTGCC
MEME-9,ATCCATACTGGAGAGAAGCCCTATGAATGTAAGGACTGTGGGAAAGCCTT
MEME-9,ATACACACTGGAGAGAAGCCCTATGAATGTAACGAATGTGGGAAAGCCTA
MEME-9,ATTCACACTGGAGAGAAACCCTATATATGTAACGAATGTGGGAAAGCCTA
MEME-9,ATTCATACTGGAGAGAAACCTTATCAATGTAAGGAATGTGGAAGAGCCTT
MEME-9,ACCCATACTGGGGAGAAACCCTATGAATGTAAGGAATGTGGGAAATGCTT
MEME-9,ACTCACACTGGAGAGAAACCGTATATATGTAAGGAATGTGGGAAAACCTT
MEME-9,AGCCATACTGGAGAGAAGCCTTATGAATGTAGAGAATGTGGGAAAGCTTT
MEME-9,ATTCATACAGGAGAGAAGCCCTATGAATGTCGTGAATGTGGGAAGACTTT
MEME-9,AGCCATAGTGGAGAGAAACCTTACAAATGCATTGAATGTGGGAAGGCCTT
MEME-9,ATGCATACTGTAGAAAAACCCTACGAATGTAAGGAATGTGGAAAATTCTT
MEME-9,ATTCACACTGGAATAAAACCCTATAAATGTAAGGAGTGTGGGAAAGCATT
MEME-9,ACTCACACAGAGGAGAAGCCCTTTGAATGTAAGGTATGTGGAAAATCCTT
MEME-9,ACTCACACGGGAGAGAAACCGTATGAATGTATGAACTGTGGAAAGTCTTT
MEME-9,ATTCATACGCAAGAAAAACGCTATGAGTGTCGTATATGTGGAAAGGCCTT
MEME-9,ACTTGTAATAGAGAGAAAATCTATACATGCAGTGAATGTGGGAAAGCCTT
MEME-9,ATAAATGGTGGAAAGAAACTTTTAAATTCTAATAAAAGTGGGGCAGCCTT
MEME-9,ATGAGTAGTGGTGATAAGCCTACTGAGCCTAGTGATAGCTGGTTGTCCAA
MEME-9,ATGAGTAGTGGTGATAAGCCTACTGAGCCTAGTGATAGCTGGTTGTCCAA
MEME-10,TTTTTTTTTTT
MEME-10,TTTTTTTTTTT
MEME-10,TTTTTTTTTTT
MEME-10,TTTTTTTTTTT
MEME-10,TTTTTTTTTTT
MEME-10,TTTTTTTTTTT
MEME-10,TTTTTTTTTTT
MEME-10,TTTTTTTTTTT
MEME-10,TTTTTTTTTTT
MEME-10,TTTTTTTTTTT
MEME-10,TTTTTTTTTTT
MEME-10,TTTTTTTTTTT
MEME-10,TTTTTTTTTTT
MEME-10,TTTTTTTTTTT
MEME-10,TTTTTTTTTTT
MEME-10,TTTTTTTTTTT
MEME-10,TTTTTTTTTTT
MEME-10,TTTTTTTTTTT
MEME-10,TTTTTTTTTTT
MEME-10,TTTTTTTTTTT
MEME-10,TTTTTTTTTTT
MEME-10,TTTTTTTTTTT
MEME-10,TTTTTTTTTTT
MEME-10,TTTTTTTTTTT
MEME-10,TTTTTTTTTTA
MEME-10,TTTTTTTTTTA
MEME-10,TTTTTTTCTTT
MEME-10,TTTTTTTCTTT
MEME-10,TTTTTTTCTTT
MEME-10,TTTTTCTTTTT
MEME-10,TTTTTCTTTTT
MEME-10,TTTTTTTCTTT
MEME-10,TTTGTTTTTTT
MEME-10,TTTGTTTTTTT
MEME-10,TTTCTTTTTTT
MEME-10,TTTGTTTTTTT
MEME-10,TTTCTTTTTTT
MEME-10,TTTTTTTCTTA
MEME-10,TTTTTCTCTTT
MEME-10,TTTTTCTCTTT
MEME-10,TTTCTTTTTTA
MEME-10,TTTTTTCTTTA
MEME-10,TTTCTCTTTTT
MEME-10,TTTCTTTCTTT
MEME-10,TTTCTTTCTTT
MEME-10,TTTCTCTTTTT
MEME-10,TTTTTTCTTTA
MEME-10,CTTTTTTTTTT
MEME-10,CTTTTTTTTTT
MEME-10,TTTTTTCCTTT
MEME-10,TTCTTTTCTTT
MEME-10,TTCTTTTCTTT
MEME-10,TTTTTTTTTTG
MEME-10,TTTTTCATTTA
MEME-10,TTCTTTATTTT
MEME-10,TTCTTTATTTT
MEME-10,TTTTTTACTTA
MEME-10,TTTTTCATTTA
MEME-10,TTCCTTTTTTT
MEME-10,TTCCTTTTTTT
MEME-10,TTCCTTTTTTT
MEME-10,TTTTTCCTTTA
MEME-10,TTTTTCCTTTA
MEME-10,TTTTTCCTTTA
MEME-10,TTTGTTATTTA
MEME-10,TTTGTTATTTA
MEME-10,TTTGTTACTTT
MEME-10,TTTCTCATTTT
MEME-10,CTTTTTATTTT
MEME-10,TTTTTTTCTTC
MEME-10,TTTTTTTCTTC
MEME-10,CTTGTTTTTTT
MEME-10,TTTGTCCTTTT
MEME-10,TTCTTCATTTT
MEME-10,TTTTCTTTTTA
MEME-10,TTCGTTTTTTA
MEME-10,TTCCTCTTTTT
MEME-10,TTTGTCTCTTA
MEME-10,TTTTCTATTTT
MEME-10,TTTTCTATTTT
MEME-10,CTTTTTTCTTA
MEME-10,TTTGTTTTTTG
MEME-10,TTTGTCATTTA
MEME-10,TTTCTCACTTT
MEME-10,TTTTCTCTTTT
MEME-10,TTTTTCTCTTC
MEME-10,TTTCTCCTTTA
MEME-10,TTTATCTTTTA
MEME-10,TTTGTTCCTTA
MEME-10,CTTTTTCTTTA
MEME-10,CTTTTTCTTTA
MEME-10,CTTGTCTTTTT
MEME-10,TTTTTTACTTC
MEME-10,TTTATTATTTA
MEME-10,TTTTCCTTTTA
MEME-10,TTTATTACTTT
MEME-10,TTCCTTTCTTA
MEME-10,TTCTTCCTTTA
MEME-10,TTTGTTTCTTG
MEME-10,TTTGTTTCTTG
MEME-10,TTCCTTACTTT
MEME-10,TTTCTCCCTTA
MEME-10,TTTCTCCCTTA
MEME-10,TTCGTCCTTTT
MEME-10,TTCTTCACTTA
MEME-10,TTCGTTTTTTC
MEME-10,TTTATCACTTT
