motif, transcript_width, sites, e_value
ATYCTCCYGCCTCAGCCTCCCRARKWGCTGGGATTACAGGCGTGMGCCAC,50,64,2.8e-491
GTGGCTCAYGCCTGTAATCCCAGCWMYTTGGGAGGCYGAGGCRGGAGRAT,50,44,7.5e-376
RGGCKRGAGTGCAGTGGSVYGAKMTCGGCYCACTGCAMYCY,41,53,6.2e-234
AGWTYGAGACCAGCCTGGSCAACATRGYGARACCCYGTCTCTACWAAAAA,50,27,1.5e-222
TWWWTWTTTWWATWTTTWDWW,21,421,3.0e-158
GAYGGGGTTTCACCATGTTGGCCAGGCTGGTCTCGAACTCCTGACCTCA,49,27,6.5e-139
WDDWARAHWHHDWNWNAAAAAWWAAAAAAAAADWWAAVAWA,41,303,1.6e-119
TTTTTGAGACGGAGTCTCGCTCTGTCGCC,29,13,4.7e-038
ATTCAYACTGGAGAGAARCCYTATRAATGTARKGAATGTGGGAARKCCTT,50,18,2.4e-027
TTTTTTTTTTT,11,107,4.1e-021
